customer_segment,count,conversion_rate
Consumer,3366,0.29025549613784907
Enterprise,3413,0.31438617052446527
MidMarket,5612,0.3023877405559515
SMB,7609,0.29635957418846104
