channel,count,conversion_rate
inbound,12318,0.3145802890079558
outbound,7682,0.27688102056756053
