month,count,conversion_rate
2025-01,1633,0.3110838946723821
2025-02,1525,0.31278688524590165
2025-03,1724,0.3294663573085847
2025-04,1621,0.29549660703269587
2025-05,1806,0.2912513842746401
2025-06,1618,0.2911001236093943
2025-07,1742,0.3048220436280138
2025-08,1672,0.29246411483253587
2025-09,1576,0.2715736040609137
2025-10,1738,0.29689298043728424
2025-11,1597,0.30494677520350655
2025-12,1748,0.2986270022883295
