{
  "generator_config": {
    "n_samples": 20000,
    "sale_ratio": 0.3,
    "random_seed": 42,
    "feature_noise": 0.06,
    "label_noise": 0.75,
    "contradiction_rate": 0.08,
    "start_date": "2025-01-01",
    "days": 365,
    "train_ratio": 0.7,
    "val_ratio": 0.15,
    "include_metadata": true
  },
  "rows": 20000,
  "columns": 23,
  "label_distribution": {
    "0": 13998,
    "1": 6002
  },
  "sale_ratio": 0.3001,
  "target_sale_ratio": 0.3,
  "logistic_auc": 0.7299824761904762,
  "feature_summary": {
    "true_sale_probability": {
      "mean": 0.3000001010913147,
      "std": 0.2962270697494891,
      "min": 0.001,
      "max": 0.9974109836856901,
      "q25": 0.04795793073698855,
      "median": 0.17839796585849615,
      "q75": 0.5147916238152739
    },
    "call_duration_sec": {
      "mean": 739.243963801242,
      "std": 147.61634832247674,
      "min": 167.28072854483258,
      "max": 1461.645735826118,
      "q25": 639.0076567668641,
      "median": 736.7244266567936,
      "q75": 837.7856834339275
    },
    "sentiment_mean": {
      "mean": 0.15828074570691375,
      "std": 0.345593930859794,
      "min": -0.8412314445719343,
      "max": 0.9191566209133125,
      "q25": -0.10123135399744053,
      "median": 0.17246428993851448,
      "q75": 0.435047265560656
    },
    "sentiment_variance": {
      "mean": 0.297433913660084,
      "std": 0.055871037468009914,
      "min": 0.11250540143522611,
      "max": 0.55,
      "q25": 0.25857882055551135,
      "median": 0.293221994855406,
      "q75": 0.33162363912578235
    },
    "emotion_neutral": {
      "mean": 0.12256145057884991,
      "std": 0.05626679299070085,
      "min": 0.016125242280451688,
      "max": 0.5014964972446276,
      "q25": 0.08186937694270144,
      "median": 0.11251355184551376,
      "q75": 0.15195541104665086
    },
    "emotion_happiness": {
      "mean": 0.19533972260697702,
      "std": 0.16495994657174728,
      "min": 0.004710676283977852,
      "max": 0.8788773650624015,
      "q25": 0.06457101488060371,
      "median": 0.14125800602658115,
      "q75": 0.2858820641945016
    },
    "emotion_anger": {
      "mean": 0.22845451182814186,
      "std": 0.1131873753814355,
      "min": 0.013709980018973448,
      "max": 0.7147666694424306,
      "q25": 0.14263007270601896,
      "median": 0.21131294374517312,
      "q75": 0.29765141503543796
    },
    "emotion_sadness": {
      "mean": 0.18117112851560488,
      "std": 0.09177050355578131,
      "min": 0.014764481411753783,
      "max": 0.6505070111641937,
      "q25": 0.11117540817774063,
      "median": 0.1659984508610768,
      "q75": 0.23417345217847463
    },
    "emotion_frustration": {
      "mean": 0.2724731864704264,
      "std": 0.10168987006425967,
      "min": 0.024685731451024914,
      "max": 0.7148906921161822,
      "q25": 0.1981457365428066,
      "median": 0.2625925505850515,
      "q75": 0.33699162924302956
    },
    "silence_ratio": {
      "mean": 0.3651465723233613,
      "std": 0.10738450995689537,
      "min": 0.0,
      "max": 0.8647878630532877,
      "q25": 0.29155209962502887,
      "median": 0.36165331302946485,
      "q75": 0.4355501871850629
    },
    "interruption_frequency": {
      "mean": 0.4450492980874348,
      "std": 0.09559552296486572,
      "min": 0.12326783097301253,
      "max": 0.8790603083746944,
      "q25": 0.3793653575574223,
      "median": 0.440307852325981,
      "q75": 0.506278603355373
    },
    "talk_listen_ratio": {
      "mean": 1.185089887453726,
      "std": 0.2706743036115436,
      "min": 0.20110640022633453,
      "max": 2.2804387415252485,
      "q25": 1.0018556695670697,
      "median": 1.1853249717229213,
      "q75": 1.364709549935612
    },
    "turn_taking_frequency": {
      "mean": 0.3935719848682614,
      "std": 0.18006954611572376,
      "min": 0.0,
      "max": 1.0,
      "q25": 0.2663427589261065,
      "median": 0.39314895501045766,
      "q75": 0.5197689744985539
    },
    "filler_word_frequency": {
      "mean": 5.698700513704726,
      "std": 0.8028278988140758,
      "min": 2.474150661961796,
      "max": 8.657759627708659,
      "q25": 5.1668882681087265,
      "median": 5.724375640200545,
      "q75": 6.259801018389732
    },
    "sale_outcome": {
      "mean": 0.3001,
      "std": 0.4583126580453853,
      "min": 0.0,
      "max": 1.0,
      "q25": 0.0,
      "median": 0.0,
      "q75": 1.0
    }
  },
  "feature_correlations": {
    "sentiment_mean": 0.3420753734252851,
    "sentiment_variance": -0.07959475582806165,
    "emotion_neutral": -0.014402730642459583,
    "emotion_happiness": 0.33786050083369473,
    "emotion_anger": -0.22123050519057133,
    "emotion_sadness": -0.19495921236371389,
    "emotion_frustration": -0.11791783554061248,
    "silence_ratio": -0.22103909121083531,
    "interruption_frequency": -0.10756908916926315,
    "talk_listen_ratio": 0.027575170669146703,
    "turn_taking_frequency": 0.20467832954124895
  },
  "warnings": [],
  "conversion_by_segment": [
    {
      "customer_segment": "Consumer",
      "count": 3366,
      "conversion_rate": 0.29025549613784907
    },
    {
      "customer_segment": "Enterprise",
      "count": 3413,
      "conversion_rate": 0.31438617052446527
    },
    {
      "customer_segment": "MidMarket",
      "count": 5612,
      "conversion_rate": 0.3023877405559515
    },
    {
      "customer_segment": "SMB",
      "count": 7609,
      "conversion_rate": 0.29635957418846104
    }
  ],
  "conversion_by_channel": [
    {
      "channel": "inbound",
      "count": 12318,
      "conversion_rate": 0.3145802890079558
    },
    {
      "channel": "outbound",
      "count": 7682,
      "conversion_rate": 0.27688102056756053
    }
  ],
  "monthly_conversion": [
    {
      "month": "2025-01",
      "conversion_rate": 0.3110838946723821
    },
    {
      "month": "2025-02",
      "conversion_rate": 0.31278688524590165
    },
    {
      "month": "2025-03",
      "conversion_rate": 0.3294663573085847
    },
    {
      "month": "2025-04",
      "conversion_rate": 0.29549660703269587
    },
    {
      "month": "2025-05",
      "conversion_rate": 0.2912513842746401
    },
    {
      "month": "2025-06",
      "conversion_rate": 0.2911001236093943
    },
    {
      "month": "2025-07",
      "conversion_rate": 0.3048220436280138
    },
    {
      "month": "2025-08",
      "conversion_rate": 0.29246411483253587
    },
    {
      "month": "2025-09",
      "conversion_rate": 0.2715736040609137
    },
    {
      "month": "2025-10",
      "conversion_rate": 0.29689298043728424
    },
    {
      "month": "2025-11",
      "conversion_rate": 0.30494677520350655
    },
    {
      "month": "2025-12",
      "conversion_rate": 0.2986270022883295
    }
  ]
}