{
  "dataset_size": 100,
  "num_features": 12,
  "label_distribution": {
    "0": 74,
    "1": 26
  },
  "sale_ratio": 0.26,
  "feature_statistics": {
    "sentiment_mean": {
      "mean": 0.07389551964816027,
      "std": 0.272673760030894,
      "min": -0.5261838808850615,
      "max": 0.7834668620002889,
      "median": 0.10063787973052205,
      "q25": -0.10357739115871081,
      "q75": 0.28249626200222483
    },
    "sentiment_variance": {
      "mean": 0.13889117548904678,
      "std": 0.08821885000769787,
      "min": 0.0,
      "max": 0.35162958277189943,
      "median": 0.12229516643709841,
      "q25": 0.07086811472813243,
      "q75": 0.20951694481603597
    },
    "emotion_neutral": {
      "mean": 0.27842236073072524,
      "std": 0.15299496965975423,
      "min": 0.0,
      "max": 0.7456239590947152,
      "median": 0.2368474095128394,
      "q25": 0.16846524045488165,
      "q75": 0.3753640520080161
    },
    "emotion_happiness": {
      "mean": 0.25279373454649096,
      "std": 0.14895594489893968,
      "min": 0.0,
      "max": 0.7217020806143285,
      "median": 0.23985530148607748,
      "q25": 0.16185093058775923,
      "q75": 0.33615929129218747
    },
    "emotion_anger": {
      "mean": 0.11681457553301758,
      "std": 0.10145321804409135,
      "min": 0.0,
      "max": 0.4161878663169448,
      "median": 0.09203506172853901,
      "q25": 0.0323186095348906,
      "q75": 0.18218810985508765
    },
    "emotion_sadness": {
      "mean": 0.1524448973390486,
      "std": 0.12960583669228712,
      "min": 0.0,
      "max": 0.5165922963544602,
      "median": 0.13371616791227509,
      "q25": 0.04412782203370167,
      "q75": 0.22993946712817334
    },
    "emotion_frustration": {
      "mean": 0.1995244318507176,
      "std": 0.16132707805636393,
      "min": 0.0,
      "max": 0.6970473445401323,
      "median": 0.16040790641336072,
      "q25": 0.0655787429808033,
      "q75": 0.3104745754195222
    },
    "silence_ratio": {
      "mean": 0.24556688486537012,
      "std": 0.12234838406991426,
      "min": 0.0,
      "max": 0.5013080470714739,
      "median": 0.24818106542334292,
      "q25": 0.16935454689976912,
      "q75": 0.32764391552963834
    },
    "interruption_frequency": {
      "mean": 0.15586797679121628,
      "std": 0.10404389032833422,
      "min": 0.0,
      "max": 0.4145318695107158,
      "median": 0.15178084527653962,
      "q25": 0.06796739155850473,
      "q75": 0.2236409093079941
    },
    "talk_listen_ratio": {
      "mean": 0.960178607767497,
      "std": 0.45737572037006724,
      "min": 0.1334561373693255,
      "max": 1.8865541375628267,
      "median": 1.023978924266654,
      "q25": 0.6277462176606355,
      "q75": 1.3016685304339894
    },
    "turn_taking_frequency": {
      "mean": 0.331750750382971,
      "std": 0.17154123170323615,
      "min": 0.047875927821177305,
      "max": 0.8014399360223732,
      "median": 0.30554703684904594,
      "q25": 0.20024053687633941,
      "q75": 0.4386742732997541
    },
    "filler_word_frequency": {
      "mean": 2.21101530343365,
      "std": 1.7009976273010963,
      "min": 0.0,
      "max": 6.096224801850629,
      "median": 1.8399096513258166,
      "q25": 0.8747774525445814,
      "q75": 3.3545389522701634
    }
  },
  "feature_correlations": {
    "sentiment_mean": 0.26620582825218125,
    "sentiment_variance": 0.10963159036120947,
    "emotion_neutral": -0.022210388500308285,
    "emotion_happiness": 0.13721709811042054,
    "emotion_anger": -0.058867554193901654,
    "emotion_sadness": -0.01361681911705488,
    "emotion_frustration": -0.05767229442556353,
    "silence_ratio": -0.031174697635858523,
    "interruption_frequency": 0.016430035704800356,
    "talk_listen_ratio": 0.09298690007393981,
    "turn_taking_frequency": 0.11031643837634754,
    "filler_word_frequency": -0.3740137759682535
  }
}